<PAMDataset>
  <PAMRasterBand band="1">
    <Description>slope8</Description>
    <Histograms>
      <HistItem>
        <HistMin>14.65761184692383</HistMin>
        <HistMax>41.32239151000977</HistMax>
        <BucketCount>256</BucketCount>
        <IncludeOutOfRange>1</IncludeOutOfRange>
        <Approximate>0</Approximate>
        <HistCounts>1|0|0|0|0|0|0|0|0|0|0|0|0|0|0|0|0|0|0|0|0|0|0|1|0|0|0|0|0|0|0|0|0|0|0|0|0|0|1|0|0|0|1|0|0|0|0|1|0|0|0|0|1|0|0|0|0|0|0|0|0|0|0|0|1|0|0|0|0|1|0|2|0|0|0|3|0|0|0|0|2|1|1|1|0|0|0|0|0|0|0|0|0|1|0|0|1|0|0|0|0|1|0|0|0|0|0|0|0|1|1|2|0|1|0|1|0|1|0|0|0|0|0|0|0|1|0|0|0|0|0|0|1|0|0|0|0|0|0|0|1|0|0|0|1|0|1|3|0|0|0|1|0|0|0|0|0|1|0|3|0|1|0|1|0|1|1|1|0|1|0|1|0|0|1|1|1|0|0|0|0|0|1|1|0|0|0|0|1|0|0|0|0|1|0|0|0|1|0|0|0|0|0|1|0|0|0|0|0|0|1|1|0|0|0|0|0|0|0|0|1|0|0|0|0|0|0|2|0|0|0|0|0|0|0|0|0|0|0|0|0|0|0|0|0|0|0|0|0|0|1|0|0|0|0|1</HistCounts>
      </HistItem>
    </Histograms>
  </PAMRasterBand>
</PAMDataset>
