<?xml version="1.0" encoding="UTF-8"?>
<metadata xml:lang="zh"><Esri><CreaDate>20160927</CreaDate><CreaTime>23560700</CreaTime><ArcGISFormat>1.0</ArcGISFormat><SyncOnce>TRUE</SyncOnce><DataProperties><itemProps><itemLocation><linkage Sync="TRUE">file://\\JACKIE\D\study\ao\MortonCode\UKCoastline\levels\Vertices_256km</linkage><protocol Sync="TRUE">Local Area Network</protocol></itemLocation></itemProps><copyHistory><copy source="D:\study\ao\MortonCode\UKCoastline\Vertices_256km" dest="\\JACKIE\D\study\ao\MortonCode\UKCoastline\levels\Vertices_256km" date="20160927" time="23560700"></copy></copyHistory></DataProperties></Esri></metadata>
