<?xml version="1.0" encoding="UTF-8"?>
<metadata xml:lang="zh"><Esri><CreaDate>20160926</CreaDate><CreaTime>22451300</CreaTime><ArcGISFormat>1.0</ArcGISFormat><SyncOnce>TRUE</SyncOnce><DataProperties><itemProps><itemLocation><linkage Sync="TRUE">file://\\JACKIE\D\study\ao\MortonCode\UKCoastline\levels\Vertices_4km</linkage><protocol Sync="TRUE">Local Area Network</protocol></itemLocation></itemProps><copyHistory><copy source="D:\study\ao\MortonCode\UKCoastline\level0\Vertices_4km" dest="\\JACKIE\D\study\ao\MortonCode\UKCoastline\levels\Vertices_4km" date="20160927" time="14034400"></copy></copyHistory></DataProperties></Esri></metadata>
