<?xml version="1.0" encoding="UTF-8"?>
<metadata xml:lang="zh"><Esri><CreaDate>20160928</CreaDate><CreaTime>00010900</CreaTime><ArcGISFormat>1.0</ArcGISFormat><SyncOnce>TRUE</SyncOnce><DataProperties><itemProps><itemLocation><linkage Sync="TRUE">file://\\JACKIE\D\study\ao\MortonCode\UKCoastline\levels\Yardsticks_512km</linkage><protocol Sync="TRUE">Local Area Network</protocol></itemLocation></itemProps><copyHistory><copy source="D:\study\ao\MortonCode\UKCoastline\Yardsticks_512km" dest="\\JACKIE\D\study\ao\MortonCode\UKCoastline\levels\Yardsticks_512km" date="20160928" time="00010900"></copy></copyHistory></DataProperties></Esri></metadata>
