<?xml version="1.0" encoding="UTF-8"?>
<metadata xml:lang="zh"><Esri><CreaDate>20160927</CreaDate><CreaTime>22580800</CreaTime><ArcGISFormat>1.0</ArcGISFormat><SyncOnce>TRUE</SyncOnce><DataProperties><lineage><Process ToolSource="c:\program files (x86)\arcgis\desktop10.2\ArcToolbox\Toolboxes\Data Management Tools.tbx\CreateFeatureclass" Date="20160927" Time="225808">CreateFeatureclass D:\study\ao\MortonCode\UKCoastline Yardsticks_250m.shp POLYLINE # DISABLED DISABLED "PROJCS['Europe_Equidistant_Conic',GEOGCS['GCS_European_1950',DATUM['D_European_1950',SPHEROID['International_1924',6378388.0,297.0]],PRIMEM['Greenwich',0.0],UNIT['Degree',0.0174532925199433]],PROJECTION['Equidistant_Conic'],PARAMETER['False_Easting',0.0],PARAMETER['False_Northing',0.0],PARAMETER['Central_Meridian',10.0],PARAMETER['Standard_Parallel_1',43.0],PARAMETER['Standard_Parallel_2',62.0],PARAMETER['Latitude_Of_Origin',30.0],UNIT['Meter',1.0]];-20681000 -13322600 217765080.381534;-100000 10000;-100000 10000;.001;.001;.001;IsHighPrecision" # 0 0 0</Process><Process ToolSource="c:\program files (x86)\arcgis\desktop10.2\ArcToolbox\Toolboxes\Data Management Tools.tbx\AddSpatialIndex" Date="20160927" Time="225836">AddSpatialIndex D:\study\ao\MortonCode\UKCoastline\Yardsticks_250m.shp 950000 0 0</Process><Process ToolSource="c:\program files (x86)\arcgis\desktop10.2\ArcToolbox\Toolboxes\Data Management Tools.tbx\PointsToLine" Date="20160927" Time="225836">PointsToLine Vertices D:\study\ao\MortonCode\UKCoastline\Yardsticks_250m.shp # # NO_CLOSE</Process></lineage><itemProps><itemLocation><linkage Sync="TRUE">file://\\JACKIE\D\study\ao\MortonCode\UKCoastline\levels\Yardsticks_250m</linkage><protocol Sync="TRUE">Local Area Network</protocol></itemLocation></itemProps><copyHistory><copy source="D:\study\ao\MortonCode\UKCoastline\Yardsticks_250m" dest="\\JACKIE\D\study\ao\MortonCode\UKCoastline\levels\Yardsticks_250m" date="20160927" time="23004000"></copy></copyHistory></DataProperties></Esri></metadata>
