<?xml version="1.0" encoding="UTF-8"?>
<metadata xml:lang="zh"><Esri><CreaDate>20160927</CreaDate><CreaTime>13504500</CreaTime><ArcGISFormat>1.0</ArcGISFormat><SyncOnce>TRUE</SyncOnce><DataProperties><itemProps><itemLocation><linkage Sync="TRUE">file://\\JACKIE\D\study\ao\MortonCode\UKCoastline\levels\Yardsticks_500m</linkage><protocol Sync="TRUE">Local Area Network</protocol></itemLocation></itemProps><copyHistory><copy source="D:\study\ao\MortonCode\UKCoastline\Yardsticks_500m" dest="\\JACKIE\D\study\ao\MortonCode\UKCoastline\levels\Yardsticks_500m" date="20160927" time="13504500"></copy></copyHistory></DataProperties></Esri></metadata>
